{"cameraMode":{"drawMode":0,"name":"Shaded","section":"Shading Mode"},"sceneLighting":false,"audioPlay":false,"sceneViewState":{"m_AlwaysRefresh":false,"showFog":true,"showSkybox":true,"showFlares":true,"showImageEffects":true,"showParticleSystems":true,"showVisualEffectGraphs":true,"m_FxEnabled":true},"in2DMode":false,"pivot":{"x":-1.8471258878707886,"y":13.288039207458496,"z":47.58007049560547},"rotation":{"x":-0.0014548188773915172,"y":-0.9643539786338806,"z":0.26571735739707949,"w":0.013875349424779415},"size":0.00932621955871582,"orthographic":false}